message,label
URGENT: Your bank account has been suspended due to suspicious activity. Verify immediately at http://secure-bank-login.com to restore access.,phishing
"Dear customer, your PayPal account has been limited. Please click the link to confirm your identity: http://paypal-verify-account.net",phishing
"Congratulations! You have won $1,000,000 in our annual sweepstakes lottery. Click here to claim your cash prize now: http://lottery-win-claims.xyz",phishing
Netflix: Your monthly subscription payment failed. Update your credit card details immediately to avoid disruption: http://netflix-billing-renew.com,phishing
Apple Security Alert: Your Apple ID was used to sign in from an unknown device. Reset your password now: http://appleid-security-auth.site,phishing
"FedEx: We attempted to deliver your parcel #928491, but no one was home. Reschedule delivery here: http://fedx-package-delivery.info",phishing
IRS Final Warning: A lawsuit has been filed against you for unpaid taxes. Call our urgent hotline or pay immediately to prevent arrest.,phishing
"Amazon: Your order #482-9918231 of iPhone 15 Pro Max for $1,299 was placed. If you did not make this purchase, cancel here: http://amzn-order-cancel.club",phishing
Your mailbox storage is 99% full. Incoming emails will be blocked. Click here to upgrade your free quota immediately: http://webmail-storage-upgrade.com,phishing
Microsoft Support: Critical virus trojan detected on your computer. Call toll-free 1-800-459-0192 immediately for technician support.,phishing
"Crypto Giveaway! Elon Musk is giving away 5,000 BTC. Send 0.1 BTC to verify your wallet and receive 0.5 BTC instantly: http://tesla-crypto-drop.top",phishing
HR Department: Please review the updated employee salary and bonus schedule for Q4: http://internal-payroll-portal.xyz/bonus,phishing
ATTENTION: Suspicious withdrawal of $950.00 from your Wells Fargo checking account. Reply NO or click http://wells-fargo-alert.online,phishing
WhatsApp security code: 492-192. Do not share this code. Someone is trying to access your account. Verify here: http://whatsapp-auth-check.co,phishing
DHL Express: Your shipment is on hold due to missing customs clearance fees of $2.50. Pay now: http://dhl-customs-fee-settle.com,phishing
ALERT: Unauthorized debit of $499.99 for Geek Squad Protection renewal. To cancel subscription call our billing desk immediately.,phishing
Google Account Recovery: Someone in Russia attempted to log in with your password. Secure your account now at http://accounts-google-verify.me,phishing
Congratulations! You have been selected for a free $500 Walmart gift card. Complete the 2-minute survey to claim: http://walmart-rewards.loan,phishing
Bank of America: Security token expired. You must re-authenticate within 24 hours to prevent account lockout: http://bofa-token-refresh.com,phishing
"Chase Alert: We detected an unusual transaction of $1,420.50. Confirm or dispute via http://chase-security-center.org",phishing
You have 1 pending voice message from Unknown. Click here to listen: http://voice-audio-portal.xyz/listen?id=9201,phishing
"Dear user, our records indicate your account is violating community guidelines. You will be permanently banned unless you appeal here: http://meta-appeal-form.com",phishing
Final Notice: Your vehicle warranty is expiring today. Extend your policy now to prevent paying out of pocket for major repairs.,phishing
USPS Alert: A package addressed to you cannot be delivered due to incorrect house number. Update your address: http://usps-address-confirm.top,phishing
DocuSign: CFO has sent you a confidential financial contract to sign. Review and sign within 4 hours: http://docusign-corp-docs.net,phishing
Action Required: Your password expires today. Keep your current password by clicking: http://company-sso-login.link,phishing
Your credit score just dropped by 65 points! Check the derogatory mark reported on your file: http://credit-karma-scores.site,phishing
LinkedIn: You have 7 pending recruiter inquiries with offers starting at $180k. View candidates: http://linkedin-careers-portal.info,phishing
"Coinbase: Withdrawal request of 2.45 ETH approved. If you did not initiate this, freeze account: http://coinbase-fraud-freeze.online",phishing
Steam Community: You have received a trade offer for Rare Knife. Accept trade offer: http://steam-community-trades.ru,phishing
AT&T: Your bill for September is overdue. Service will be disconnected by midnight. Pay online: http://att-pay-bill-now.com,phishing
Zoom: Meeting invitation from Management regarding Organization Restructuring. Join room: http://zoom-conf-meet.xyz/join,phishing
Workday: Your annual tax document W-2 is ready for download. Log in to your employee portal: http://workday-tax-portal.top,phishing
Venmo: You received $300.00 from John. Transfer funds to your bank: http://venmo-claim-transfer.site,phishing
Urgent notification: Your iCloud photo sync has failed. Buy additional storage or data will be permanently wiped.,phishing
"Target: Receipt for Order #83910 ($749.00). If you did not make this purchase, contact target-fraud@security-desk.com",phishing
"Government Relief Grant: You are eligible to receive a $3,200 COVID stimulus check. Register your direct deposit info now.",phishing
Norton Antivirus: Your subscription has auto-renewed for $399.00. Call 1-888-902-1240 for a full refund within 48 hours.,phishing
Dropbox: 3 files were shared with you: 'Confidential_Bonus_Q3.pdf'. Sign in with your email to view: http://dropbox-view-docs.co,phishing
eBay Security: Your buyer account was compromised. Click to verify your debit card number and billing address.,phishing
Cash App: You received a pending payment of $750. Pay a $20 clearance fee to unlock the payment.,phishing
Your car insurance rate is about to increase by 40%! Lock in your discounted rate right now at http://cheap-auto-rates.win,phishing
"Facebook Security: Someone requested a password reset for your account. If this wasn't you, secure your account at http://fb-security-check.cc",phishing
"Citibank: Wire transfer of $5,000 is pending. Authorize with your OTP code sent to your phone.",phishing
Job Offer: Work from home as a Personal Shopper! Earn $500/day. Send your resume and bank details to start today.,phishing
Instagram Notice: Your account was flagged for copyright infringement. Submit a counter-claim or your account will be deleted in 24 hours.,phishing
Robinhood: Your instant deposit failed. Deposit funds immediately to avoid portfolio liquidation.,phishing
Uber: Your receipt for ride on September 25: $148.90. Dispute incorrect charges here: http://uber-ride-disputes.net,phishing
Exclusive Offer: Pre-order iPhone 16 for just $99 during our flash sale! Limited stock remaining: http://apple-flash-deals.shop,phishing
Your medical test results are available online. Click to access your health patient portal: http://mychart-health-portal.loan,phishing
Hey! Are we still on for our lunch meeting tomorrow at 12:30 PM?,safe
Can you please review the attached slide deck and share your feedback before the team meeting?,safe
"Good morning, here is the summary of action items from today's sprint planning session.",safe
"Hi everyone, the weekly engineering demo will start in 10 minutes in Room B.",safe
Happy birthday! Hope you have a wonderful celebration with your family and friends.,safe
Thanks for sending the invoice. I have forwarded it to accounting for payment processing.,safe
"Your appointment with Dr. Miller is confirmed for Thursday, October 10 at 2:00 PM.",safe
Attached is the quarterly progress report for Q3. Please let me know if you need any revisions.,safe
Don't forget to push your code changes to GitHub before ending work today.,safe
The project deadline has been moved to next Wednesday to give everyone extra time for testing.,safe
Could you please send me the recipe you made for dinner last night? It was fantastic!,safe
Thank you for shopping at Barnes & Noble. Your in-store pickup order #10842 is ready.,safe
Let's schedule a 1-on-1 meeting next Monday afternoon to discuss your career progression.,safe
The office building air conditioning will undergo maintenance this Saturday between 9 AM and 1 PM.,safe
Great presentation today! The client was very impressed with our architectural design.,safe
"Hi Mom, just letting you know my flight landed safely. I'll catch a cab and head to the hotel.",safe
Here are the meeting notes from yesterday's sync with the design team.,safe
Please remember to submit your timesheets by Friday 5 PM so payroll can be processed on time.,safe
Can you send me the link to the shared Google Drive folder with the project assets?,safe
Your book reservation at the city public library is ready. Please pick it up within 5 business days.,safe
Welcome to our new team member Alex! Alex will be joining us as a frontend software engineer.,safe
The coffee machine on the 3rd floor has been repaired and is working again.,safe
Just checking in to see if you received the files I sent over earlier this morning.,safe
We have updated our privacy policy in compliance with new data protection regulations.,safe
"Thanks for dinner last night, we had such a wonderful time catching up with you guys.",safe
Please find attached the minutes of the annual board of directors meeting.,safe
Reminder: Daylight saving time ends this weekend. Remember to set your clocks back 1 hour.,safe
Our team lunch will be hosted at the Italian bistro down the street this Friday.,safe
Could you help me troubleshoot this Python unit test when you have a free moment?,safe
The package you ordered was delivered to your front porch at 1:15 PM today.,safe
"Hi, I was wondering if you had a copy of the textbook for CS 301 that I could borrow?",safe
The system update was successfully applied to our staging servers with zero downtime.,safe
Thank you for subscribing to our monthly tech newsletter. Here is your September edition.,safe
I have reviewed your pull request and left a few minor comments on GitHub.,safe
Are you free for a quick 5-minute phone call to clarify the client's requirements?,safe
Your dry cleaning is ready for pickup at Main Street Cleaners anytime before 7 PM.,safe
Let's meet at the park entrance at 10 AM on Saturday for the morning run.,safe
The gym will be closed on Labor Day for deep cleaning and equipment maintenance.,safe
Here is the updated project timeline based on our discussion with the product manager.,safe
Could you please review the draft of the press release before we distribute it tomorrow?,safe
Your reservation at Sunset Grill for 4 people on Friday at 7:30 PM is confirmed.,safe
I've shared the Figma design files for the new user profile dashboard with you.,safe
Please remember to bring your employee ID badge tomorrow for the building security audit.,safe
The software license renewal for the team has been approved by department management.,safe
Thank you for attending today's webinar on modern cloud application security.,safe
I will be out of the office on Friday for a personal appointment. For emergencies contact Sarah.,safe
The test results for the staging environment passed all automated regression test suites.,safe
Let's catch up over coffee sometime next week if your schedule allows.,safe
Your order has been shipped via standard postal service and should arrive in 3-5 business days.,safe
"Hi Sarah, could you please send me the contact information for the vendor we spoke with?",safe
